{
  "classes": [
    "coding",
    "farewell",
    "greeting",
    "motivation",
    "productivity"
  ],
  "priors": {
    "coding": -1.252762968495368,
    "farewell": -1.9459101490553135,
    "greeting": -1.6582280766035324,
    "motivation": -1.4350845252893227,
    "productivity": -1.9459101490553135
  },
  "likelihoods": {
    "coding": {
      "hello": -4.51085950651685,
      "there": -3.41224721784874,
      "hey": -4.51085950651685,
      "good": -4.51085950651685,
      "morning": -4.51085950651685,
      "hi": -4.51085950651685,
      "how": -4.51085950651685,
      "are": -4.51085950651685,
      "you": -4.51085950651685,
      "can": -4.51085950651685,
      "help": -3.817712325956905,
      "me": -3.817712325956905,
      "focus": -4.51085950651685,
      "i": -3.41224721784874,
      "need": -3.41224721784874,
      "a": -3.41224721784874,
      "productivity": -4.51085950651685,
      "plan": -4.51085950651685,
      "create": -4.51085950651685,
      "schedule": -4.51085950651685,
      "for": -4.51085950651685,
      "today": -4.51085950651685,
      "to": -3.41224721784874,
      "debug": -3.41224721784874,
      "python": -3.41224721784874,
      "tests": -3.817712325956905,
      "refactor": -3.817712325956905,
      "this": -3.41224721784874,
      "code": -3.817712325956905,
      "is": -3.1245651453969594,
      "software": -3.41224721784874,
      "bug": -3.41224721784874,
      "feel": -4.51085950651685,
      "stressed": -4.51085950651685,
      "and": -4.51085950651685,
      "overwhelmed": -4.51085950651685,
      "i'm": -4.51085950651685,
      "tired": -4.51085950651685,
      "stuck": -4.51085950651685,
      "motivate": -4.51085950651685,
      "continue": -4.51085950651685,
      "goodbye": -4.51085950651685,
      "now": -4.51085950651685,
      "bye": -4.51085950651685,
      "see": -4.51085950651685,
      "later": -4.51085950651685,
      "talk": -4.51085950651685,
      "my": -3.41224721784874,
      "name": -3.817712325956905,
      "alex": -3.817712325956905,
      "tell": -4.51085950651685,
      "about": -4.51085950651685,
      "autoscaling": -4.51085950651685,
      "issue": -3.817712325956905,
      "in": -3.817712325956905,
      "app": -3.817712325956905
    },
    "farewell": {
      "hello": -4.204692619390966,
      "there": -4.204692619390966,
      "hey": -4.204692619390966,
      "good": -4.204692619390966,
      "morning": -4.204692619390966,
      "hi": -4.204692619390966,
      "how": -4.204692619390966,
      "are": -4.204692619390966,
      "you": -3.1060803307228566,
      "can": -4.204692619390966,
      "help": -4.204692619390966,
      "me": -4.204692619390966,
      "focus": -4.204692619390966,
      "i": -4.204692619390966,
      "need": -4.204692619390966,
      "a": -4.204692619390966,
      "productivity": -4.204692619390966,
      "plan": -4.204692619390966,
      "create": -4.204692619390966,
      "schedule": -4.204692619390966,
      "for": -3.5115454388310208,
      "today": -4.204692619390966,
      "to": -3.5115454388310208,
      "debug": -4.204692619390966,
      "python": -4.204692619390966,
      "tests": -4.204692619390966,
      "refactor": -4.204692619390966,
      "this": -4.204692619390966,
      "code": -4.204692619390966,
      "is": -4.204692619390966,
      "software": -4.204692619390966,
      "bug": -4.204692619390966,
      "feel": -4.204692619390966,
      "stressed": -4.204692619390966,
      "and": -4.204692619390966,
      "overwhelmed": -4.204692619390966,
      "i'm": -4.204692619390966,
      "tired": -4.204692619390966,
      "stuck": -4.204692619390966,
      "motivate": -4.204692619390966,
      "continue": -4.204692619390966,
      "goodbye": -3.5115454388310208,
      "now": -3.5115454388310208,
      "bye": -3.5115454388310208,
      "see": -3.5115454388310208,
      "later": -3.1060803307228566,
      "talk": -3.5115454388310208,
      "my": -4.204692619390966,
      "name": -4.204692619390966,
      "alex": -4.204692619390966,
      "tell": -4.204692619390966,
      "about": -4.204692619390966,
      "autoscaling": -4.204692619390966,
      "issue": -4.204692619390966,
      "in": -4.204692619390966,
      "app": -4.204692619390966
    },
    "greeting": {
      "hello": -3.0910424533583156,
      "there": -3.4965075614664802,
      "hey": -3.4965075614664802,
      "good": -3.4965075614664802,
      "morning": -3.4965075614664802,
      "hi": -3.4965075614664802,
      "how": -3.4965075614664802,
      "are": -3.4965075614664802,
      "you": -3.4965075614664802,
      "can": -4.189654742026425,
      "help": -4.189654742026425,
      "me": -4.189654742026425,
      "focus": -4.189654742026425,
      "i": -4.189654742026425,
      "need": -4.189654742026425,
      "a": -4.189654742026425,
      "productivity": -4.189654742026425,
      "plan": -4.189654742026425,
      "create": -4.189654742026425,
      "schedule": -4.189654742026425,
      "for": -4.189654742026425,
      "today": -4.189654742026425,
      "to": -4.189654742026425,
      "debug": -4.189654742026425,
      "python": -4.189654742026425,
      "tests": -4.189654742026425,
      "refactor": -4.189654742026425,
      "this": -4.189654742026425,
      "code": -4.189654742026425,
      "is": -4.189654742026425,
      "software": -4.189654742026425,
      "bug": -4.189654742026425,
      "feel": -4.189654742026425,
      "stressed": -4.189654742026425,
      "and": -4.189654742026425,
      "overwhelmed": -4.189654742026425,
      "i'm": -4.189654742026425,
      "tired": -4.189654742026425,
      "stuck": -4.189654742026425,
      "motivate": -4.189654742026425,
      "continue": -4.189654742026425,
      "goodbye": -4.189654742026425,
      "now": -4.189654742026425,
      "bye": -4.189654742026425,
      "see": -4.189654742026425,
      "later": -4.189654742026425,
      "talk": -4.189654742026425,
      "my": -4.189654742026425,
      "name": -4.189654742026425,
      "alex": -4.189654742026425,
      "tell": -4.189654742026425,
      "about": -4.189654742026425,
      "autoscaling": -4.189654742026425,
      "issue": -4.189654742026425,
      "in": -4.189654742026425,
      "app": -4.189654742026425
    },
    "motivation": {
      "hello": -4.343805421853684,
      "there": -4.343805421853684,
      "hey": -4.343805421853684,
      "good": -4.343805421853684,
      "morning": -4.343805421853684,
      "hi": -4.343805421853684,
      "how": -4.343805421853684,
      "are": -4.343805421853684,
      "you": -4.343805421853684,
      "can": -4.343805421853684,
      "help": -4.343805421853684,
      "me": -2.9575110607337933,
      "focus": -4.343805421853684,
      "i": -3.6506582412937383,
      "need": -4.343805421853684,
      "a": -4.343805421853684,
      "productivity": -4.343805421853684,
      "plan": -4.343805421853684,
      "create": -4.343805421853684,
      "schedule": -4.343805421853684,
      "for": -4.343805421853684,
      "today": -4.343805421853684,
      "to": -3.6506582412937383,
      "debug": -4.343805421853684,
      "python": -4.343805421853684,
      "tests": -4.343805421853684,
      "refactor": -4.343805421853684,
      "this": -4.343805421853684,
      "code": -4.343805421853684,
      "is": -4.343805421853684,
      "software": -4.343805421853684,
      "bug": -4.343805421853684,
      "feel": -3.6506582412937383,
      "stressed": -3.6506582412937383,
      "and": -3.245193133185574,
      "overwhelmed": -3.6506582412937383,
      "i'm": -3.6506582412937383,
      "tired": -3.6506582412937383,
      "stuck": -3.6506582412937383,
      "motivate": -3.6506582412937383,
      "continue": -3.6506582412937383,
      "goodbye": -4.343805421853684,
      "now": -4.343805421853684,
      "bye": -4.343805421853684,
      "see": -4.343805421853684,
      "later": -4.343805421853684,
      "talk": -4.343805421853684,
      "my": -4.343805421853684,
      "name": -4.343805421853684,
      "alex": -4.343805421853684,
      "tell": -3.245193133185574,