{
  "classes": [
    "coding",
    "farewell",
    "greeting",
    "motivation",
    "productivity"
  ],
  "priors": {
    "coding": -1.6094379124341003,
    "farewell": -1.6094379124341003,
    "greeting": -1.6094379124341003,
    "motivation": -1.6094379124341003,
    "productivity": -1.6094379124341003
  },
  "likelihoods": {
    "coding": {
      "hello": -4.143134726391533,
      "there": -3.4499875458315876,
      "hey": -4.143134726391533,
      "good": -4.143134726391533,
      "morning": -4.143134726391533,
      "hi": -4.143134726391533,
      "how": -4.143134726391533,
      "are": -4.143134726391533,
      "you": -4.143134726391533,
      "can": -4.143134726391533,
      "help": -3.4499875458315876,
      "me": -3.4499875458315876,
      "focus": -4.143134726391533,
      "i": -3.4499875458315876,
      "need": -3.4499875458315876,
      "a": -3.4499875458315876,
      "productivity": -4.143134726391533,
      "plan": -4.143134726391533,
      "create": -4.143134726391533,
      "schedule": -4.143134726391533,
      "for": -4.143134726391533,
      "today": -4.143134726391533,
      "to": -3.4499875458315876,
      "debug": -3.4499875458315876,
      "python": -3.4499875458315876,
      "tests": -3.4499875458315876,
      "refactor": -3.4499875458315876,
      "this": -3.4499875458315876,
      "code": -3.4499875458315876,
      "is": -3.4499875458315876,
      "software": -3.4499875458315876,
      "bug": -3.4499875458315876,
      "feel": -4.143134726391533,
      "stressed": -4.143134726391533,
      "and": -4.143134726391533,
      "overwhelmed": -4.143134726391533,
      "i'm": -4.143134726391533,
      "tired": -4.143134726391533,
      "stuck": -4.143134726391533,
      "motivate": -4.143134726391533,
      "continue": -4.143134726391533,
      "goodbye": -4.143134726391533,
      "now": -4.143134726391533,
      "bye": -4.143134726391533,
      "see": -4.143134726391533,
      "later": -4.143134726391533,
      "talk": -4.143134726391533
    },
    "farewell": {
      "hello": -4.060443010546419,
      "there": -4.060443010546419,
      "hey": -4.060443010546419,
      "good": -4.060443010546419,
      "morning": -4.060443010546419,
      "hi": -4.060443010546419,
      "how": -4.060443010546419,
      "are": -4.060443010546419,
      "you": -2.9618307218783095,
      "can": -4.060443010546419,
      "help": -4.060443010546419,
      "me": -4.060443010546419,
      "focus": -4.060443010546419,
      "i": -4.060443010546419,
      "need": -4.060443010546419,
      "a": -4.060443010546419,
      "productivity": -4.060443010546419,
      "plan": -4.060443010546419,
      "create": -4.060443010546419,
      "schedule": -4.060443010546419,
      "for": -3.367295829986474,
      "today": -4.060443010546419,
      "to": -3.367295829986474,
      "debug": -4.060443010546419,
      "python": -4.060443010546419,
      "tests": -4.060443010546419,
      "refactor": -4.060443010546419,
      "this": -4.060443010546419,
      "code": -4.060443010546419,
      "is": -4.060443010546419,
      "software": -4.060443010546419,
      "bug": -4.060443010546419,
      "feel": -4.060443010546419,
      "stressed": -4.060443010546419,
      "and": -4.060443010546419,
      "overwhelmed": -4.060443010546419,
      "i'm": -4.060443010546419,
      "tired": -4.060443010546419,
      "stuck": -4.060443010546419,
      "motivate": -4.060443010546419,
      "continue": -4.060443010546419,
      "goodbye": -3.367295829986474,
      "now": -3.367295829986474,
      "bye": -3.367295829986474,
      "see": -3.367295829986474,
      "later": -2.9618307218783095,
      "talk": -3.367295829986474
    },
    "greeting": {
      "hello": -3.332204510175204,
      "there": -3.332204510175204,
      "hey": -3.332204510175204,
      "good": -3.332204510175204,
      "morning": -3.332204510175204,
      "hi": -3.332204510175204,
      "how": -3.332204510175204,
      "are": -3.332204510175204,
      "you": -3.332204510175204,
      "can": -4.02535169073515,
      "help": -4.02535169073515,
      "me": -4.02535169073515,
      "focus": -4.02535169073515,
      "i": -4.02535169073515,
      "need": -4.02535169073515,
      "a": -4.02535169073515,
      "productivity": -4.02535169073515,
      "plan": -4.02535169073515,
      "create": -4.02535169073515,
      "schedule": -4.02535169073515,
      "for": -4.02535169073515,
      "today": -4.02535169073515,
      "to": -4.02535169073515,
      "debug": -4.02535169073515,
      "python": -4.02535169073515,
      "tests": -4.02535169073515,
      "refactor": -4.02535169073515,
      "this": -4.02535169073515,
      "code": -4.02535169073515,
      "is": -4.02535169073515,
      "software": -4.02535169073515,
      "bug": -4.02535169073515,
      "feel": -4.02535169073515,
      "stressed": -4.02535169073515,
      "and": -4.02535169073515,
      "overwhelmed": -4.02535169073515,
      "i'm": -4.02535169073515,
      "tired": -4.02535169073515,
      "stuck": -4.02535169073515,
      "motivate": -4.02535169073515,
      "continue": -4.02535169073515,
      "goodbye": -4.02535169073515,
      "now": -4.02535169073515,
      "bye": -4.02535169073515,
      "see": -4.02535169073515,
      "later": -4.02535169073515,
      "talk": -4.02535169073515
    },
    "motivation": {
      "hello": -4.0943445622221,
      "there": -4.0943445622221,
      "hey": -4.0943445622221,
      "good": -4.0943445622221,
      "morning": -4.0943445622221,
      "hi": -4.0943445622221,
      "how": -4.0943445622221,
      "are": -4.0943445622221,
      "you": -4.0943445622221,
      "can": -4.0943445622221,
      "help": -4.0943445622221,
      "me": -3.4011973816621555,
      "focus": -4.0943445622221,
      "i": -3.4011973816621555,
      "need": -4.0943445622221,
      "a": -4.0943445622221,
      "productivity": -4.0943445622221,
      "plan": -4.0943445622221,
      "create": -4.0943445622221,
      "schedule": -4.0943445622221,
      "for": -4.0943445622221,
      "today": -4.0943445622221,
      "to": -3.4011973816621555,
      "debug": -4.0943445622221,
      "python": -4.0943445622221,
      "tests": -4.0943445622221,
      "refactor": -4.0943445622221,
      "this": -4.0943445622221,
      "code": -4.0943445622221,
      "is": -4.0943445622221,
      "software": -4.0943445622221,
      "bug": -4.0943445622221,
      "feel": -3.4011973816621555,
      "stressed": -3.4011973816621555,
      "and": -2.995732273553991,
      "overwhelmed": -3.4011973816621555,
      "i'm": -3.4011973816621555,
      "tired": -3.4011973816621555,
      "stuck": -3.4011973816621555,
      "motivate": -3.4011973816621555,
      "continue": -3.4011973816621555,
      "goodbye": -4.0943445622221,
      "now": -4.0943445622221,
      "bye": -4.0943445622221,
      "see": -4.0943445622221,
      "later": -4.0943445622221,
      "talk": -4.0943445622221
    },
    "productivity": {
      "hello": -4.127134385045092,
      "there": -4.127134385045092,
      "hey": -4.127134385045092,
      "good": -4.127134385045092,
      "morning": -4.127134385045092,
      "hi": -4.127134385045092,
      "how": -4.127134385045092,
      "are": -4.127134385045092,
      "you": -3.4339872044851463,
      "can": -3.4339872044851463,
      "help": -3.4339872044851463,
      "me": -3.4339872044851463,
      "focus": -3.4339872044851463,
      "i": -3.4339872044851463,
      "need": -3.4339872044851463,
      "a": -3.028522096376982,
      "productivity": -3.4339872044851463,
      "plan": -3.4339872044851463,
      "create": -3.4339872044851463,
      "schedule": -3.4339872044851463,
      "for": -3.4339872044851463,
      "today": -3.4339872044851463,
      "to": -4.127134385045092,
      "debug": -4.127134385045092,
      "python": -4.127134385045092,
      "tests": -4.127134385045092,
      "refactor": -4.127134385045092,
      "this": -4.127134385045092,
      "code": -4.127134385045092,
      "is": -4.127134385045092,
      "software": -4.127134385045092,