{
  "classes": [
    "coding",
    "farewell",
    "greeting",
    "motivation",
    "productivity"
  ],
  "priors": {
    "coding": -1.0296194171811581,
    "farewell": -2.2335922215070942,
    "greeting": -1.540445040947149,
    "motivation": -1.540445040947149,
    "productivity": -2.2335922215070942
  },
  "likelihoods": {
    "coding": {
      "hello": -4.762173934797756,
      "there": -3.3758795736778655,
      "hey": -4.762173934797756,
      "good": -4.762173934797756,
      "morning": -4.762173934797756,
      "hi": -4.762173934797756,
      "how": -4.762173934797756,
      "are": -4.762173934797756,
      "you": -4.762173934797756,
      "can": -4.762173934797756,
      "help": -4.069026754237811,
      "me": -4.069026754237811,
      "focus": -4.762173934797756,
      "i": -3.152736022363656,
      "need": -3.152736022363656,
      "a": -3.3758795736778655,
      "productivity": -4.762173934797756,
      "plan": -4.762173934797756,
      "create": -4.762173934797756,
      "schedule": -4.762173934797756,
      "for": -4.762173934797756,
      "today": -4.762173934797756,
      "to": -3.152736022363656,
      "debug": -3.152736022363656,
      "python": -3.152736022363656,
      "tests": -4.069026754237811,
      "refactor": -4.069026754237811,
      "this": -3.152736022363656,
      "code": -4.069026754237811,
      "is": -2.9704144655697013,
      "software": -3.3758795736778655,
      "bug": -3.152736022363656,
      "feel": -4.762173934797756,
      "stressed": -4.762173934797756,
      "and": -4.762173934797756,
      "overwhelmed": -4.762173934797756,
      "i'm": -4.762173934797756,
      "tired": -4.762173934797756,
      "stuck": -4.762173934797756,
      "motivate": -4.762173934797756,
      "continue": -4.762173934797756,
      "goodbye": -4.762173934797756,
      "now": -4.762173934797756,
      "bye": -4.762173934797756,
      "see": -4.762173934797756,
      "later": -4.762173934797756,
      "talk": -4.762173934797756,
      "my": -3.152736022363656,
      "name": -3.6635616461296463,
      "alex": -3.6635616461296463,
      "tell": -4.762173934797756,
      "about": -4.762173934797756,
      "autoscaling": -4.762173934797756,
      "issue": -3.6635616461296463,
      "in": -3.6635616461296463,
      "app": -3.6635616461296463
    },
    "farewell": {
      "hello": -4.204692619390966,
      "there": -4.204692619390966,
      "hey": -4.204692619390966,
      "good": -4.204692619390966,
      "morning": -4.204692619390966,
      "hi": -4.204692619390966,
      "how": -4.204692619390966,
      "are": -4.204692619390966,
      "you": -3.1060803307228566,
      "can": -4.204692619390966,
      "help": -4.204692619390966,
      "me": -4.204692619390966,
      "focus": -4.204692619390966,
      "i": -4.204692619390966,
      "need": -4.204692619390966,
      "a": -4.204692619390966,
      "productivity": -4.204692619390966,
      "plan": -4.204692619390966,
      "create": -4.204692619390966,
      "schedule": -4.204692619390966,
      "for": -3.5115454388310208,
      "today": -4.204692619390966,
      "to": -3.5115454388310208,
      "debug": -4.204692619390966,
      "python": -4.204692619390966,
      "tests": -4.204692619390966,
      "refactor": -4.204692619390966,
      "this": -4.204692619390966,
      "code": -4.204692619390966,
      "is": -4.204692619390966,
      "software": -4.204692619390966,
      "bug": -4.204692619390966,
      "feel": -4.204692619390966,
      "stressed": -4.204692619390966,
      "and": -4.204692619390966,
      "overwhelmed": -4.204692619390966,
      "i'm": -4.204692619390966,
      "tired": -4.204692619390966,
      "stuck": -4.204692619390966,
      "motivate": -4.204692619390966,
      "continue": -4.204692619390966,
      "goodbye": -3.5115454388310208,
      "now": -3.5115454388310208,
      "bye": -3.5115454388310208,
      "see": -3.5115454388310208,
      "later": -3.1060803307228566,
      "talk": -3.5115454388310208,
      "my": -4.204692619390966,
      "name": -4.204692619390966,
      "alex": -4.204692619390966,
      "tell": -4.204692619390966,
      "about": -4.204692619390966,
      "autoscaling": -4.204692619390966,
      "issue": -4.204692619390966,
      "in": -4.204692619390966,
      "app": -4.204692619390966
    },
    "greeting": {
      "hello": -2.6100697927420065,
      "there": -3.5263605246161616,
      "hey": -3.5263605246161616,
      "good": -3.5263605246161616,
      "morning": -3.5263605246161616,
      "hi": -3.5263605246161616,
      "how": -3.5263605246161616,
      "are": -3.5263605246161616,
      "you": -3.5263605246161616,
      "can": -4.219507705176107,
      "help": -4.219507705176107,
      "me": -4.219507705176107,
      "focus": -4.219507705176107,
      "i": -4.219507705176107,
      "need": -4.219507705176107,
      "a": -4.219507705176107,
      "productivity": -4.219507705176107,
      "plan": -4.219507705176107,
      "create": -4.219507705176107,
      "schedule": -4.219507705176107,
      "for": -4.219507705176107,
      "today": -4.219507705176107,
      "to": -4.219507705176107,
      "debug": -4.219507705176107,
      "python": -4.219507705176107,
      "tests": -4.219507705176107,
      "refactor": -4.219507705176107,
      "this": -4.219507705176107,
      "code": -4.219507705176107,
      "is": -4.219507705176107,
      "software": -4.219507705176107,
      "bug": -4.219507705176107,
      "feel": -4.219507705176107,
      "stressed": -4.219507705176107,
      "and": -4.219507705176107,
      "overwhelmed": -4.219507705176107,
      "i'm": -4.219507705176107,
      "tired": -4.219507705176107,
      "stuck": -4.219507705176107,
      "motivate": -4.219507705176107,
      "continue": -4.219507705176107,
      "goodbye": -4.219507705176107,
      "now": -4.219507705176107,
      "bye": -4.219507705176107,
      "see": -4.219507705176107,
      "later": -4.219507705176107,
      "talk": -4.219507705176107,
      "my": -4.219507705176107,
      "name": -4.219507705176107,
      "alex": -4.219507705176107,
      "tell": -4.219507705176107,
      "about": -4.219507705176107,
      "autoscaling": -4.219507705176107,
      "issue": -4.219507705176107,
      "in": -4.219507705176107,
      "app": -4.219507705176107
    },
    "motivation": {
      "hello": -4.394449154672439,
      "there": -4.394449154672439,
      "hey": -4.394449154672439,
      "good": -4.394449154672439,
      "morning": -4.394449154672439,
      "hi": -4.394449154672439,
      "how": -4.394449154672439,
      "are": -4.394449154672439,
      "you": -4.394449154672439,
      "can": -4.394449154672439,
      "help": -4.394449154672439,
      "me": -2.7850112422383386,
      "focus": -4.394449154672439,
      "i": -3.7013019741124937,
      "need": -4.394449154672439,
      "a": -4.394449154672439,
      "productivity": -4.394449154672439,
      "plan": -4.394449154672439,
      "create": -4.394449154672439,
      "schedule": -4.394449154672439,
      "for": -4.394449154672439,
      "today": -4.394449154672439,
      "to": -3.7013019741124937,
      "debug": -4.394449154672439,
      "python": -4.394449154672439,
      "tests": -4.394449154672439,
      "refactor": -4.394449154672439,
      "this": -4.394449154672439,
      "code": -4.394449154672439,
      "is": -4.394449154672439,
      "software": -4.394449154672439,
      "bug": -4.394449154672439,
      "feel": -3.7013019741124937,
      "stressed": -3.7013019741124937,
      "and": -3.295836866004329,
      "overwhelmed": -3.7013019741124937,
      "i'm": -3.7013019741124937,
      "tired": -3.7013019741124937,
      "stuck": -3.7013019741124937,
      "motivate": -3.7013019741124937,
      "continue": -3.7013019741124937,
      "goodbye": -4.394449154672439,
      "now": -4.394449154672439,
      "bye": -4.394449154672439,
      "see": -4.394449154672439,
      "later": -4.394449154672439,
      "talk": -4.394449154672439,
      "my": -4.394449154672439,
      "name": -4.394449154672439,